TAXON_NAME,NEW_NAME,FREQUENCY,FEED
Acartia,Acartia spp. ,4169,CO
Acartia amboinensis ,Acartia amboinensis ,5,CO
Acartia bifilosa ,Acartia bifilosa ,1053,CO
Acartia clausi ,Acartia clausi ,4288,CO
Acartia danae ,Acartia danae ,2362,CO
Acartia erythraea ,Acartia erythraea ,1952,CO
Acartia latisetosa ,Acartia latisetosa ,2,CO
Acartia longiremis ,Acartia longiremis ,1542,CO
Acartia negligens ,Acartia negligens ,4838,CO
Acartia sp. ,Acartia spp. ,4251,CO
Acartia spinata ,Acartia spinata ,2,CO
Acartia spinicauda ,Acartia spinicauda ,124,CO
Acartia spp. ,Acartia spp. ,2510,CO
Acartia tonsa ,Acartia tonsa ,114,CO
Acrocalanus andersoni ,Acrocalanus andersoni ,1,CH
Acrocalanus gibber ,Acrocalanus gibber ,7661,CH
Acrocalanus gracilis ,Acrocalanus gracilis ,1803,CH
Acrocalanus indicus ,Acrocalanus indicus ,328,CH
Acrocalanus longicornis ,Acrocalanus longicornis ,1283,CH
Acrocalanus monachus ,Acrocalanus monachus ,536,CH
Acrocalanus sp. ,Acrocalanus spp. ,290,CH
Acrocalanus spp. ,Acrocalanus spp. ,344,CH
Aegisthus ,Aegisthus spp. ,105,SF
Aegisthus aculeatus ,Aegisthus aculeatus ,2,SF
Aegisthus atlanticus ,Aegisthus atlanticus ,10,SF
Aegisthus dubius ,Aegisthus dubius ,19,SF
Aegisthus mucronatus ,Aegisthus mucronatus ,210,SF
Aegisthus sp. ,Aegisthus spp. ,13,SF
Aegisthus spp. ,Aegisthus spp. ,17,SF
Aetideidae ,Aetideidae ,30,CO
Aetideidae sp. ,Aetideidae ,4,CO
Aetideidae spp. ,Aetideidae ,1,CO
Aetideopsis armata ,Aetideopsis armata ,6,CO
Aetideopsis carinata ,Aetideopsis carinata ,10,CO
Aetideopsis multiserrata ,Aetideopsis multiserrata ,28,CO
Aetideopsis rostrata ,Aetideopsis rostrata ,34,CO
Aetideopsis sp. ,Aetideopsis spp. ,1,CO
Aetideopsis spp. ,Aetideopsis spp. ,1,CO
Aetideus ,Aetideus spp. ,840,CO
Aetideus acutus ,Aetideus acutus ,187,CO
Aetideus armatus ,Aetideus armatus ,2370,CO
Aetideus australis ,Aetideus australis ,13,CO
Aetideus bradyi ,Aetideus bradyi ,3,CO
Aetideus giesbrechti ,Aetideus giesbrechti ,610,CO
Aetideus pacificus ,Aetideus pacificus ,119,CO
Aetideus sp. ,Aetideus spp. ,91,CO
Aetideus spp. ,Aetideus spp. ,210,CO
Alteutha spp. ,Alteutha spp. ,7,CBF
Amallophora spp. ,Amallophora spp. ,1,CH
Amallothrix ,Amallothrix spp. ,630,CH
Amallothrix arcuata ,Amallothrix arcuata ,1,CH
Amallothrix falcifer ,Amallothrix falcifer ,8,CH
Amallothrix propinqua ,Amallothrix propinqua ,3,CH
Amallothrix sp. ,Amallothrix spp. ,1,CH
Amallothrix spinata ,Amallothrix spinata ,2,CH
Amallothrix spp. ,Amallothrix spp. ,68,CH
Amallothrix valida ,Amallothrix valida ,2,CH
Anomalocera ,Anomalocera spp. ,8,CC
Anomalocera patersoni ,Anomalocera patersoni ,20,CC
Anomalocera sp. ,Anomalocera spp. ,2,CC
Anomalocera spp. ,Anomalocera spp. ,1,CC
Archinotodelphyidae ,Archinotodelphyidae ,12,CH
Arietellus armata ,Arietellus armata ,33,CD
Arietellus giesbrechti ,Arietellus giesbrechti ,2,CD
Arietellus pavoninus ,Arietellus pavoninus ,1,CD
Arietellus setosus ,Arietellus setosus ,15,CD
Arietellus spp. ,Arietellus spp. ,32,CD
Asterocheridae ,Asterocheridae ,22,CP
Augaptilidae ,Augaptilidae ,14,CC
Augaptilus anceps ,Augaptilus anceps ,2,CC
Augaptilus glacialis ,Augaptilus glacialis ,60,CC
Augaptilus longicaudatus ,Augaptilus longicaudatus ,46,CC
Augaptilus megalurus ,Augaptilus megalurus ,1,CC
Augaptilus sp. ,Augaptilus spp. ,3,CC
Augaptilus spinifrons ,Augaptilus spinifrons ,6,CC
Augaptilus spp. ,Augaptilus spp. ,125,CC
Bathycalanus spp. ,Bathycalanus spp. ,2,CH
Bathypontia minor ,Temorites sarsi,1,CH
Bradyidius armatus ,Bradyidius armatus ,1,CO
Bradyidius spp. ,Bradyidius spp. ,1,CO
Calanidae ,Calanidae ,677,CH
Calanidae sp. ,Calanidae ,418,CH
Calanoida ,Calanoida ,7119,CH
Calanoida spp. ,Calanoida,13,CH
Calanoida unidentified ,Calanoida,846,CH
Calanoides acutus ,Calanoides acutus ,3689,CH
Calanoides carinatus ,Calanoides carinatus ,3499,CH
Calanoides macrocarinatus ,Calanoides macrocarinatus ,4,CH
Calanopia americana ,Calanopia americana ,82,CC
Calanopia elliptica ,Calanopia elliptica ,2354,CC
Calanopia minor ,Calanopia minor ,351,CC
Calanopia spp. ,Calanopia spp. ,7,CC
Calanopia thompsoni ,Calanopia thompsoni ,160,CC
Calanus ,Calanus spp.,6919,CH
Calanus acutus ,Calanus acutus ,225,CH
Calanus australis atlanticus ,Calanus australis atlanticus ,136,CH
"Calanus CPR-TOTAL ""traverse"" ","Calanus CPR-TOTAL ""traverse"" ",1407,(null)
Calanus cristatus ,Calanus cristatus ,272,CH
Calanus finmarchicus ,Calanus finmarchicus ,5087,CH
Calanus finmarchicus (aff) ,Calanus finmarchicus ,286,CH
Calanus finmarchicus & calanus glacialis ,Calanus spp. ,171,CH
Calanus glacialis ,Calanus glacialis ,907,CH
Calanus helgolandicus ,Calanus helgolandicus ,1943,CH
Calanus helgolandicus & calanus carinatus ,Calanus spp. ,83,CH
Calanus hyperboreus ,Calanus hyperboreus ,1399,CH
Calanus pacificus ,Calanus pacificus ,1094,CH
Calanus pauper & nannocalanus minor ,Calanus spp. ,46,CH
Calanus propinquus ,Calanus propinquus ,1571,CH
Calanus simillimus ,Calanus simillimus ,17801,CH
Calanus sp. ,Calanus spp. ,848,CH
Calanus spp. ,Calanus spp. ,1486,CH
Calanus TOTAL (total count) ,Calanus TOTAL (total count) ,2672,(null)
Caligus sp. ,Caligus spp. ,11,CH
Calocalanus ,Calocalanus spp.,8168,CH
Calocalanus adriaticus ,Calocalanus adriaticus ,33,CH
Calocalanus antarcticus ,Calocalanus antarcticus ,37,CH
Calocalanus atlanticus ,Calocalanus atlanticus ,42,CH
Calocalanus contractus ,Calocalanus contractus ,3449,CH
Calocalanus elegans ,Calocalanus elegans ,226,CH
Calocalanus elongatus ,Calocalanus elongatus ,182,CH
Calocalanus equalicauda ,Calocalanus equalicauda ,1,CH
Calocalanus fiolenti ,Calocalanus fiolenti ,1,CH
Calocalanus fusiformis ,Calocalanus fusiformis ,17,CH
Calocalanus gracilis ,Calocalanus gracilis ,928,CH
Calocalanus gresei ,Calocalanus gresei ,182,CH
Calocalanus indicus ,Calocalanus indicus ,45,CH
Calocalanus kristalli ,Calocalanus kristalli ,155,CH
Calocalanus latus ,Calocalanus latus ,43,CH
Calocalanus lomonosovi ,Calocalanus lomonosovi ,64,CH
Calocalanus longifurca ,Calocalanus longifurca ,1,CH
Calocalanus longisetosus ,Calocalanus longisetosus ,133,CH
Calocalanus longispinus ,Calocalanus longispinus ,29,CH
Calocalanus minor ,Calocalanus minor ,52,CH
Calocalanus namibiensis ,Calocalanus namibiensis ,13,CH
Calocalanus neptunus ,Calocalanus neptunus ,179,CH
Calocalanus omaniensis ,Calocalanus omaniensis ,8,CH
Calocalanus ovalis ,Calocalanus ovalis ,127,CH
Calocalanus paracontractus ,Calocalanus paracontractus ,6,CH
Calocalanus parelongatus ,Calocalanus parelongatus ,44,CH
Calocalanus pavo ,Calocalanus pavo ,9043,CH
Calocalanus pavoninus ,Calocalanus pavoninus ,835,CH
Calocalanus plumatus ,Calocalanus plumatus ,495,CH
Calocalanus plumulosus ,Calocalanus plumulosus ,5514,CH
Calocalanus pseudocontractus ,Calocalanus pseudocontractus ,14,CH
Calocalanus pubes ,Calocalanus pubes ,15,CH
Calocalanus pyriformis ,Calocalanus pyriformis ,6,CH
Calocalanus sp. ,Calocalanus spp. ,634,CH
Calocalanus spinosus ,Calocalanus spinosus ,1,CH
Calocalanus spp. ,Calocalanus spp. ,2111,CH
Calocalanus styliremis ,Calocalanus styliremis ,2639,CH
Calocalanus tenuiculus ,Calocalanus tenuiculus ,8,CH
Candacia ,Candacia spp. ,4577,CC
Candacia aethiopica ,Candacia aethiopica ,209,CC
Candacia armata ,Candacia armata ,594,CC
Candacia bipinnata ,Candacia bipinnata ,268,CC
Candacia bispinosa ,Candacia bispinosa ,1126,CC
Candacia bradyi ,Candacia bradyi ,696,CC
Candacia catula ,Candacia catula ,776,CC
Candacia cheirura ,Candacia cheirura ,58,CC
Candacia columbiae ,Candacia columbiae ,12,CC
Candacia curta ,Candacia curta ,626,CC
Candacia discaudata ,Candacia discaudata ,56,CC
Candacia ethiopica ,Candacia ethiopica ,101,CC
Candacia falcifera ,Candacia falcifera ,8,CC
Candacia longimana ,Candacia longimana ,328,CC
Candacia maxima ,Candacia maxima ,59,CC
Candacia norvegica ,Candacia norvegica ,1,CC
Candacia pachydactyla ,Candacia pachydactyla ,1515,CC
Candacia paenelongimana ,Candacia paenelongimana ,3,CC
Candacia simplex ,Candacia simplex ,886,CC
Candacia sp. ,Candacia spp. ,589,CC
Candacia spp. ,Candacia spp. ,150,CC
Candacia tenuimana ,Candacia tenuimana ,14,CC
Candacia truncata ,Candacia truncata ,934,CC
Candacia varicans ,Candacia varicans ,39,CC
Candaciidae ,Candaciidae ,1412,CC
Canthocalanus pauper ,Canthocalanus pauper ,3850,CH
Centraugaptilus spp. ,Centraugaptilus spp. ,1,CC
Centropages ,Centropages spp. ,2,CO
Centropages aucklandicus ,Centropages aucklandicus ,1,CO
Centropages brachiatus ,Centropages brachiatus ,192,CO
Centropages bradyi ,Centropages bradyi ,437,CO
Centropages caribbeanensis ,Centropages caribbeanensis ,30,CO
Centropages chierchiae ,Centropages chierchiae ,348,CO
"Centropages chierchiae CPR-TOTAL ""eyecount"" ","Centropages chierchiae CPR-TOTAL ""eyecount"" ",77,(null)
"Centropages chierchiae CPR-TOTAL ""traverse"" ","Centropages chierchiae CPR-TOTAL ""traverse"" ",15,(null)
Centropages elongata ,Centropages elongata ,5,CO
Centropages furcatus ,Centropages furcatus ,4813,CO
Centropages gracilis ,Centropages gracilis ,541,CO
Centropages hamatus ,Centropages hamatus ,1712,CO
Centropages kroeyeri ,Centropages kroeyeri ,3,CO
Centropages longicornis ,Centropages longicornis ,122,CO
Centropages mcmurrichi ,Centropages mcmurrichi ,15,CO
Centropages orsini ,Centropages orsini ,1416,CO
Centropages sp. ,Centropages spp. ,480,CO
Centropages spp. ,Centropages spp. ,421,CO
Centropages typicus ,Centropages typicus ,3457,CO
Centropages violaceus ,Centropages violaceus ,775,CO
Centropages yamadai ,Centropages yamadai ,176,CO
Centropagidae ,Centropagidae ,3,CO
Cephalophanes refulgens ,Cephalophanes refulgens ,1,CH
Cephalophanes spp. ,Cephalophanes spp. ,2,CH
Chiridiella abussalis ,Chiridiella abussalis ,7,CO
Chiridiella reducta ,Chiridiella reducta ,17,CO
Chiridius ,Chiridius spp. ,1,CO
Chiridius gracilis ,Chiridius gracilis ,20,CO
Chiridius obtusifrons ,Chiridius obtusifrons ,109,CO
Chiridius polaris ,Chiridius polaris ,1,CO
Chiridius poppei ,Chiridius poppei ,153,CO
Chiridius sp. ,Chiridius spp. ,1,CO
Chiridius spp. ,Chiridius spp. ,82,CO
Chirundina sp. ,Chirundina spp. ,1,CO
Chirundina spp. ,Chirundina spp. ,24,CO
Chirundina streetsi ,Chirundina streetsi ,70,CO
Clausocalanus ,Clausocalanus spp. ,10,CH
Clausocalanus arcuicornis ,Clausocalanus arcuicornis ,17192,CH
Clausocalanus breuipes ,Clausocalanus breuipes ,792,CH
Clausocalanus brevipes ,Clausocalanus brevipes ,298,CH
Clausocalanus farrani ,Clausocalanus farrani ,65,CH
Clausocalanus furcatus ,Clausocalanus furcatus ,6236,CH
Clausocalanus ingens ,Clausocalanus ingens ,312,CH
Clausocalanus jobei ,Clausocalanus jobei ,362,CH
Clausocalanus laticeps ,Clausocalanus laticeps ,2635,CH
Clausocalanus lividus ,Clausocalanus lividus ,321,CH
Clausocalanus major ,Clausocalanus major ,12,CH
Clausocalanus mastigophorus ,Clausocalanus mastigophorus ,900,CH
Clausocalanus minor ,Clausocalanus minor ,3,CH
Clausocalanus parapergens ,Clausocalanus parapergens ,344,CH
Clausocalanus paululus ,Clausocalanus paululus ,3118,CH
Clausocalanus pergens ,Clausocalanus pergens ,1989,CH
Clausocalanus sp. ,Clausocalanus spp. ,717,CH
Clausocalanus spp. ,Clausocalanus spp. ,3255,CH
Clytemnestra ,Clytemnestra spp. ,2764,CD
Clytemnestra rostrata ,Clytemnestra rostrata ,449,CD
Clytemnestra scutellata ,Clytemnestra scutellata ,171,CD
Clytemnestra sp. ,Clytemnestra spp. ,87,CD
Clytemnestra spp. ,Clytemnestra spp. ,128,CD
Conaea ,Conaea spp. ,12,CO
Conaea rapax ,Conaea rapax ,346,CO
Conaea sp. ,Conaea spp. ,2,CO
Conaea spp. ,Conaea spp. ,15,CO
Copepoda ,Copepoda ,70223,(null)
Copepoda miscellaneous ,Copepoda ,135,(null)
Copepoda other ,Copepoda ,2310,(null)
Copepoda TOTAL (total count) ,Copepoda TOTAL (total count) ,3557,(null)
Copepoda unidentified ,Copepoda ,7,(null)
Copilia ,Copilia spp. ,3924,CO
Copilia mediterranea ,Copilia mediterranea ,100,CO
Copilia mirabilis ,Copilia mirabilis ,788,CO
Copilia quadrata ,Copilia quadrata ,238,CO
Copilia sp. ,Copilia spp. ,295,CO
Copilia spp. ,Copilia spp. ,370,CO
Copilia vitrea ,Copilia vitrea ,63,CO
Cornucalanus chelifer ,Cornucalanus chelifer ,2,CH
Corycaeidae ,Corycaeidae ,226,CC
Corycaeidae sp. ,Corycaeidae ,14,CC
Corycaeus ,Corycaeus spp. ,22264,CC
Corycaeus africanus ,Corycaeus africanus ,2,CC
Corycaeus agilis ,Corycaeus agilis ,75,CC
Corycaeus amazonicus ,Corycaeus amazonicus ,48,CC
Corycaeus andrewsi ,Corycaeus andrewsi ,2,CC
Corycaeus anglicus ,Corycaeus anglicus ,9,CC
Corycaeus brehmi ,Corycaeus brehmi ,71,CC
Corycaeus catus ,Corycaeus catus ,2,CC
Corycaeus clausi ,Corycaeus clausi ,333,CC
Corycaeus crassiusculus ,Corycaeus crassiusculus ,58,CC
Corycaeus dubius ,Corycaeus dubius ,4,CC
Corycaeus flaccus ,Corycaeus flaccus ,759,CC
Corycaeus furcifer ,Corycaeus furcifer ,828,CC
Corycaeus giesbrechti ,Corycaeus giesbrechti ,345,CC
Corycaeus latus ,Corycaeus latus ,544,CC
Corycaeus lautus ,Corycaeus lautus ,400,CC
Corycaeus limbatus ,Corycaeus limbatus ,446,CC
Corycaeus longistylis ,Corycaeus longistylis ,7,CC
Corycaeus lubbocki ,Corycaeus lubbocki ,10,CC
Corycaeus minimus ,Corycaeus minimus ,103,CC
Corycaeus ovalis ,Corycaeus ovalis ,93,CC
Corycaeus pumilus ,Corycaeus pumilus ,26,CC
Corycaeus sp. ,Corycaeus spp. ,1151,CC
Corycaeus speciosus ,Corycaeus speciosus ,1475,CC
Corycaeus spp. ,Corycaeus spp. ,2801,CC
Corycaeus subtilis ,Corycaeus subtilis ,7,CC
Corycaeus subulatus ,Corycaeus subulatus ,2,CC
Corycaeus tenuis ,Corycaeus tenuis ,12,CC
Corycaeus typicus ,Corycaeus typicus ,641,CC
Cosmocalanus darwinii ,Cosmocalanus darwinii ,5694,CH
Ctenocalanus ,Ctenocalanus spp. ,3,CH
Ctenocalanus citer ,Ctenocalanus citer ,1,CH
Ctenocalanus sp. ,Ctenocalanus spp. ,2,CH
Ctenocalanus spp. ,Ctenocalanus spp. ,167,CH
Ctenocalanus vanus ,Ctenocalanus vanus ,17439,CH
Cyclopina schneideri ,Cyclopina schneideri ,1,CBF
Cyclopina spp. ,Cyclopina spp. ,35,CBF
Cyclopoida ,Cyclopoida ,1388,CO
Cyclopoida sp. ,Cyclopoida ,2,CO
Cyclopoida unidentified ,Cyclopoida ,35,CO
Cyclops oithonoides ; g o ,Cyclops oithonoides,1,CP
Cyclops sp. ,Cyclops spp. ,1356,CBF
Cyclops spp. ,Cyclops spp. ,126,CBF
Delius nudus ,Delibus nudus ,1529,CH
Delius spp. ,Delibus spp. ,1,CH
Diaixis pigmaea ,Diaixis pigmaea ,15,CH
Diaixis spp. ,Diaixis spp. ,3,CH
Diaxis (sars 1903) sp. ,Diaixis spp. ,44,CH
Disco erythraeus ,Disco erythraeus ,1,CO
Disco minutus ,Disco minutus ,1,CO
Disco spp. ,Disco spp. ,15,CO
Disseta palumboi ,Disseta palumbii,2,CC
Distioculus minor ,Distioculus minor ,175,CBF
Drepanopus pectinatus ,Drepanopus pectinatus ,7804,CH
Epicalymma exigua ,Epicalymma exigua ,2,CO
Epilabidocera amphitrites ,Epilabidocera amphitrites ,8,CC
Euaetideus acutus ,Euaetideus acutus ,20,CO
Euaugaptilus ,Euaugaptilus spp. ,66,CC
Euaugaptilus diminutus ,Euaugaptilus diminutus ,4,CC
Euaugaptilus facilis ,Euaugaptilus facilis ,1,CC
Euaugaptilus filigerus ,Euaugaptilus filigerus ,12,CC
Euaugaptilus hecticus ,Euaugaptilus hecticus ,97,CC
Euaugaptilus hyperboreus ,Euaugaptilus hyperboreus ,18,CC
Euaugaptilus laticeps ,Euaugaptilus laticeps ,1,CC
Euaugaptilus magnus ,Euaugaptilus magnus ,3,CC
Euaugaptilus palumboi ,Euaugaptilus palumboi ,39,CC
Euaugaptilus similis ,Euaugaptilus similis ,1,CC
Euaugaptilus spp. ,Euaugaptilus spp. ,66,CC
Eucalanidae ,Eucalanidae ,448,CH
Eucalanus ,Eucalanus spp. ,4612,CH
Eucalanus bungii ,Eucalanus bungii ,433,CH
Eucalanus crassus ,Eucalanus crassus ,3568,CH
Eucalanus elongatus ,Eucalanus elongatus ,6499,CH
Eucalanus inermis ,Eucalanus inermis ,74,CH
Eucalanus monachus ,Eucalanus monachus ,350,CH
Eucalanus mucronatus ,Eucalanus mucronatus ,6406,CH
Eucalanus pseudoattenuatus ,Eucalanus pseudoattenuatus ,536,CH
Eucalanus sewelli ,Eucalanus sewelli ,3,CH
Eucalanus sp. ,Eucalanus spp. ,3046,CH
Eucalanus spp. ,Eucalanus spp. ,195,CH
Eucalanus subcrassus ,Eucalanus subcrassus ,11344,CH
Eucalanus subtenuis ,Eucalanus subtenuis ,2246,CH
Euchaeta ,Euchaeta spp. ,7320,CC
Euchaeta acuta ,Euchaeta acuta ,583,CC
Euchaeta concinna ,Euchaeta concinna ,1181,CC
Euchaeta flava ,Euchaeta flava ,44,CC
Euchaeta indica ,Euchaeta indica ,2232,CC
Euchaeta longicornis ,Euchaeta longicornis ,507,CC
Euchaeta marina ,Euchaeta marina ,11023,CC
Euchaeta media ,Euchaeta media ,717,CC
Euchaeta paraconcinna ,Euchaeta paraconcinna ,18,CC
Euchaeta plana ,Euchaeta plana ,26,CC
Euchaeta rimana ,Euchaeta rimana ,262,CC
Euchaeta sp. ,Euchaeta spp. ,1562,CC
Euchaeta spinosa ,Euchaeta spinosa ,156,CC
Euchaeta spp. ,Euchaeta spp. ,2065,CC
Euchaetidae ,Euchaetidae ,1,CC
Euchirella ,Euchirella spp. ,2743,CH
Euchirella amoena ,Euchirella amoena ,331,CH
Euchirella bella ,Euchirella bella ,637,CH
Euchirella bitumida ,Euchirella bitumida ,3,CH
Euchirella brevis ,Euchirella brevis ,80,CH
Euchirella curticauda ,Euchirella curticauda ,86,CH
Euchirella formosa ,Euchirella formosa ,3,CH
Euchirella galeata ,Euchirella galeata ,47,CH
Euchirella intermedia ,Euchirella intermedia ,11,CH
Euchirella maxima ,Euchirella maxima ,8,CH
Euchirella mesinensis ,Euchirella mesinensis ,192,CH
Euchirella messinensis ,Euchirella messinensis ,43,CH
Euchirella paulinae ,Euchirella paulinae ,1,CH
Euchirella pulchra ,Euchirella pulchra ,105,CH
Euchirella rostrata ,Euchirella rostrata ,392,CH
Euchirella rostromagna ,Euchirella rostromagna ,184,CH
Euchirella sp. ,Euchirella spp. ,260,CH
Euchirella splendens ,Euchirella splendens ,7,CH
Euchirella spp. ,Euchirella spp. ,870,CH
Euchirella truncata ,Euchirella truncata ,33,CH
Euchirella venusta ,Euchirella venusta ,11,CH
Eurytemora affinis ,Eurytemora affinis ,5,CH
Eurytemora americana ,Eurytemora americana ,1,CH
Eurytemora herdmani ,Eurytemora herdmani ,12,CH
Eurytemora sp. ,Eurytemora spp. ,4369,CH
Eurytemora spp. ,Eurytemora spp. ,721,CH
Eurytemora transversalis ,Eurytemora transversalis ,1,CH
Euterpina acutifrons ,Euterpina acutifrons ,4083,CO
Euterpina sp. ,Euterpina spp. ,5,CO
Euterpina spp. ,Euterpina spp. ,9,CO
Farranula carinata ,Farranula carinata ,151,CC
Farranula concinna ,Farranula concinna ,249,CC
Farranula curta ,Farranula curta ,21,CC
Farranula gibbula ,Farranula gibbula ,69,CC
Farranula gracilis ,Farranula gracilis ,1523,CC
Farranula rostrata ,Farranula rostrata ,894,CC
Farranula sp. ,Farranula spp. ,588,CC
Farranula spp. ,Farranula spp. ,403,CC
Gaetanus ,Gaetanus spp. ,407,CO
Gaetanus armiger ,Gaetanus armiger ,1,CO
Gaetanus ascendens ,Gaetanus ascendens ,1,CO
Gaetanus brevicaudatus ,Gaetanus brevicaudatus ,1,CO
Gaetanus brevispinus ,Gaetanus brevispinus ,98,CO
Gaetanus curvicornis ,Gaetanus curvicornis ,7,CO
Gaetanus kruppii ,Gaetanus kruppii ,7,CO
Gaetanus latifrons ,Gaetanus latifrons ,3,CO
Gaetanus miles ,Gaetanus miles ,137,CO
Gaetanus minor ,Gaetanus minor ,470,CO
Gaetanus minutus ,Gaetanus minutus ,1,CO
Gaetanus pileatus ,Gaetanus pileatus ,36,CO
Gaetanus simplex ,Gaetanus simplex ,3,CO
Gaetanus sp. ,Gaetanus spp. ,24,CO
Gaetanus spp. ,Gaetanus spp. ,87,CO
Gaetanus variabilis ,Gaetanus variabilis ,1,CO
Gaidius ,Gaetanus spp. ,137,CO
Gaidius & chiridius spp. ,Gaetanus spp. ,36,CO
Gaidius affinis ,Gaetanus brevispinus ,43,CO
Gaidius intermedius ,Gaetanus brevispinus ,1,CO
Gaidius spp. ,Gaetanus spp. ,124,CO
Gaidius tenuispinus ,Gaetanus tenuispinus ,684,CO
Gaussia princeps ,Gaussia princeps ,4,CO
Gaussia spp. ,Gaetanus spp. ,2,CO
Haloptilus ,Haloptilus spp.,3543,CC
Haloptilus acutifrons ,Haloptilus acutifrons ,278,CC
Haloptilus angusticeps ,Haloptilus angusticeps ,23,CC
Haloptilus fertilis ,Haloptilus fertilis ,7,CC
Haloptilus fons ,Haloptilus fons ,6,CC
Haloptilus longiceps ,Haloptilus longiceps ,2,CC
Haloptilus longicirrus ,Haloptilus longicirrus ,29,CC
Haloptilus longicornis ,Haloptilus longicornis ,3171,CC
Haloptilus mucronatus ,Haloptilus mucronatus ,166,CC
Haloptilus ocellatus ,Haloptilus ocellatus ,4,CC
Haloptilus ornatus ,Haloptilus ornatus ,125,CC
Haloptilus oxycephalus ,Haloptilus oxycephalus ,327,CC
Haloptilus oxycephalus & haloptilus acutifrons ,Haloptilus oxycephalus & haloptilus acutifrons ,35,CC
Haloptilus paralongicirrus ,Haloptilus paralongicirrus ,85,CC
Haloptilus pseudooxycephalus ,Haloptilus pseudooxycephalus ,1,CC
Haloptilus sp. ,Haloptilus spp. ,162,CC
Haloptilus sp. A ,Haloptilus spp. ,10,CC
Haloptilus spiniceps ,Haloptilus spiniceps ,99,CC
Haloptilus spp. ,Haloptilus spp. ,238,CC
Haloptilus tenuis ,Haloptilus tenuis ,3,CC
Haloptilus validus ,Haloptilus validus ,4,CC
Harpacticoida ,Harpacticoida ,1829,CBF
Harpacticoida sp. ,Harpacticoida,18,CBF
Harpacticoida TOTAL (total count) ,Harpacticoida TOTAL (total count) ,103,(null)
Harpacticoida unidentified ,Harpacticoida ,44,CBF
Harpacticus sp. ,Harpacticus spp. ,3,CBF
Heterorhabdidae ,Heterorhabdidae ,15,CC
Heterorhabdus ,Heterorhabdus spp. ,2670,CC
Heterorhabdus abyssalis ,Heterorhabdus abyssalis ,95,CC
Heterorhabdus austrinus ,Heterorhabdus austrinus ,1325,CC
Heterorhabdus clausii ,Heterorhabdus clausii ,1,CC
Heterorhabdus farrani ,Heterorhabdus farrani ,164,CC
Heterorhabdus lobatus ,Heterorhabdus lobatus ,12,CC
Heterorhabdus norvegicus ,Heterorhabdus norvegicus ,199,CC
Heterorhabdus papilliger ,Heterorhabdus papilliger ,2988,CC
Heterorhabdus sp. ,Heterorhabdus spp. ,193,CC
Heterorhabdus spinifer ,Heterorhabdus spinifer ,130,CC
Heterorhabdus spinifrons ,Heterorhabdus spinifrons ,258,CC
Heterorhabdus spinosus ,Heterorhabdus spinosus ,19,CC
Heterorhabdus spp. ,Heterorhabdus spp. ,509,CC
Heterorhabdus tanneri ,Heterorhabdus tanneri ,23,CC
Heterorhabdus vipera ,Heterorhabdus vipera ,20,CC
Heterostylites ,Heterostylites spp. ,64,CC
Heterostylites longicornis ,Heterostylites longicornis ,119,CC
Heterostylites major ,Heterostylites major ,22,CC
Heterostylites spp. ,Heterostylites spp. ,9,CC
Ischnocalanus plumulosus ,Calocalanus plumulosus ,3,CH
Ischnocalanus sp. ,Calocalanus spp. ,42,CH
Ischnocalanus tenuis ,Calocalanus tenuis ,366,CH
Isias clavipes ,Isias clavipes ,14,CO
Jaschnovia tolli ,Jaschnovia tolli ,20,CO
Labidocera ,Labidocera spp. ,1104,CC
Labidocera acuta ,Labidocera acuta ,1170,CC
Labidocera acutifrons ,Labidocera acutifrons ,232,CC
Labidocera aestiva ,Labidocera aestiva ,6,CC
Labidocera detruncata ,Labidocera detruncata ,86,CC
Labidocera minuta ,Labidocera minuta ,757,CC
Labidocera nerii ,Labidocera nerii ,1,CC
Labidocera pavo ,Labidocera pavo ,1,CC
Labidocera sp. ,Labidocera spp. ,51,CC
Labidocera spp. ,Labidocera spp. ,114,CC
Labidocera wollastoni ,Labidocera wollastoni ,57,CC
Limnocalanus grimaldii ,Limnocalanus grimaldii ,9,CO
Limnocalanus macrurus ,Limnocalanus macrurus ,1797,CO
Limnocalanus sp. ,Limnocalanus spp. ,2,CO
Longipedia helgolandica ,Longipedia helgolandica ,4,CBF
Lophothrix ,Lophothrix spp. ,52,CH
Lophothrix frontalis ,Lophothrix frontalis ,13,CH
Lophothrix latipes ,Lophothrix latipes ,68,CH
Lophothrix sp. ,Lophothrix spp. ,1,CH
Lophothrix spp. ,Lophothrix spp. ,25,CH
Lubbockia aculeata ,Lubbockia aculeata ,89,CO
Lubbockia brevis ,Lubbockia brevis ,6,CO
Lubbockia glacialis ,Lubbockia glacialis ,19,CO
Lubbockia sp. ,Lubbockia spp. ,32,CO
Lubbockia spp. ,Lubbockia spp. ,242,CO
Lubbockia squillimana ,Lubbockia squillimana ,1247,CO
Lucicutia ,Lucicutia spp. ,59,CO
Lucicutia anomala ,Lucicutia anomala ,18,CO
Lucicutia atlantica ,Lucicutia atlantica ,21,CO
Lucicutia bicornuta ,Lucicutia bicornuta ,1,CO
Lucicutia clausii ,Lucicutia clausii ,616,CO
Lucicutia curta ,Lucicutia curta ,342,CO
Lucicutia flavicornis ,Lucicutia flavicornis ,12088,CO
Lucicutia frigida ,Lucicutia frigida ,20,CO
Lucicutia gaussae ,Lucicutia gaussae ,33,CO
Lucicutia gemina ,Lucicutia gemina ,735,CO
Lucicutia grandis ,Lucicutia grandis ,32,CO
Lucicutia longicornis ,Lucicutia longicornis ,37,CO
Lucicutia longiserrata ,Lucicutia longiserrata ,3,CO
Lucicutia lucida ,Lucicutia lucida ,3,CO
Lucicutia macrocera ,Lucicutia macrocera ,11,CO
Lucicutia magna ,Lucicutia magna ,49,CO
Lucicutia oblonga ,Lucicutia oblonga ,1,CO
Lucicutia ovalis ,Lucicutia ovalis ,1824,CO
Lucicutia paraclausi ,Lucicutia paraclausi ,2,CO
Lucicutia polaris ,Lucicutia polaris ,37,CO
Lucicutia simulans ,Lucicutia simulans ,6,CO
Lucicutia sp. ,Lucicutia spp. ,368,CO
Lucicutia sp. A ,Lucicutia spp. ,38,CO
Lucicutia spp. ,Lucicutia spp. ,702,CO
Macrosetella gracilis ,Macrosetella gracilis ,6736,CH
Macrosetella sp. ,Macrosetella spp. ,16,CH
Macrosetella spp. ,Macrosetella spp. ,3,CH
Mecynocera clausi ,Mecynocera clausi ,8530,CH
Mecynocera sp. ,Mecynocera spp. ,79,CH
Mecynocera spp. ,Mecynocera spp. ,8,CH
Megacalanus & bathycalanus & gaussia ,Calanoida,40,CH
Megacalanus spp. ,Megacalanus spp. ,1,CH
Mesocalanus lighti ,Mesocalanus lighti ,62,CH
Mesocalanus tenuicornis ,Mesocalanus tenuicornis ,2554,CH
Mesorhabdus brevicaudatus ,Mesorhabdus brevicaudatus ,1,CC
Metridia ,Metridia spp. ,2409,CO
Metridia & pleuromama sp. ,Metridinidae,62,CO
Metridia brevicauda ,Metridia brevicauda ,114,CO
"Metridia CPR-TOTAL ""traverse"" ","Metridia CPR-TOTAL ""traverse"" ",111,(null)
Metridia curticauda ,Metridia curticauda ,252,CO
Metridia effusa ,Metridia effusa ,61,CO
Metridia gerlachei ,Metridia gerlachei ,892,CO
Metridia longa ,Metridia longa ,1467,CO
Metridia lucens ,Metridia lucens ,11698,CO
Metridia okhotensis ,Metridia okhotensis ,72,CO
Metridia pacifica ,Metridia pacifica ,2234,CO
Metridia princeps ,Metridia princeps ,13,CO
Metridia sp. ,Metridia spp. ,6,CO
Metridia spp. ,Metridia spp. ,479,CO
Metridia venusta ,Metridia venusta ,37,CO
Microcalanids ,Calanoida,106,CH
Microcalanids parts/fragments ,Calanoida,9,CH
Microcalanus ,Microcalanus spp. ,1,CH
Microcalanus pusillus ,Microcalanus pusillus ,23,CH
Microcalanus pygmaeus ,Microcalanus pygmaeus ,2499,CH
Microcalanus sp. ,Microcalanus spp. ,1,CH
Microcalanus spp. ,Microcalanus spp. ,200,CH
Microsetella ,Microsetella spp. ,340,CO
Microsetella norvegica ,Microsetella norvegica ,1629,CO
Microsetella rosea ,Microsetella rosea ,13829,CO
Microsetella sp. ,Microsetella spp. ,241,CO
Microsetella spp. ,Microsetella spp. ,200,CO
Mimocalanus crassus ,Mimocalanus crassus ,3,CH
Mimocalanus cultrifer ,Mimocalanus cultrifer ,8,CH
Mimocalanus distinctocephalus ,Mimocalanus distinctocephalus ,1,CH
Mimocalanus spp. ,Mimocalanus spp. ,11,CH
Miracia ,Miracia spp. ,744,CBF
Miracia efferata ,Miracia efferata ,298,CBF
Miracia sp. ,Miracia spp. ,11,CBF
Miracia spp. ,Miracia spp. ,58,CBF
Monacilla sp. ,Monacilla spp. ,3,CH
Monacilla spp. ,Monacilla spp. ,2,CH
Monacilla typica ,Monacilla typica ,14,CH
Monstrilla ,Monstrilla spp.,300,CBF
Monstrilla longiremis ,Monstrilla longiremis ,1,CBF
Mormonilla minor ,Mormonilla minor ,510,CH
Mormonilla phasma ,Mormonilla phasma ,94,CH
Mormonilla polaris ,Mormonilla polaris ,25,CH
Mormonilla sp. ,Mormonilla spp. ,7,CH
Mormonilla spp. ,Mormonilla spp. ,281,CH
Mormonillidae ,Mormonillidae ,2,CH
Nannocalanus minor ,Nannocalanus minor ,15176,CH
Neocalanus cristatus ,Neocalanus cristatus ,2151,CH
Neocalanus gracilis ,Neocalanus gracilis ,7817,CH
Neocalanus plumchrus ,Neocalanus plumchrus ,2715,CH
Neocalanus robustior ,Neocalanus robustior ,1423,CH
Neocalanus sp. ,Neocalanus spp. ,2,CH
Neocalanus spp. ,Neocalanus spp. ,108,CH
Neocalanus tenuicornis ,Neocalanus tenuicornis ,1182,CH
Neocalanus tonsus ,Neocalanus tonsus ,1277,CH
Nullosetigera aequalis ,Nullosetigera aequalis ,1,CC
Nullosetigera bidentata ,Nullosetigera bidentata ,18,CC
Nullosetigera helgae ,Nullosetigera helgae ,32,CC
Nullosetigera impar ,Nullosetigera impar ,3,CC
Nullosetigera spp. ,Nullosetigera spp. ,19,CC
Oculosetella gracilis ,Oculosetella gracilis ,88,CO
Oithona ,Oithona spp. ,53411,CH
Oithona atlantica ,Oithona atlantica ,715,CH
Oithona attenuata ,Oithona attenuata ,14,CH
Oithona brevicornis ,Oithona brevicornis ,7,CH
Oithona decipiens ,Oithona decipiens ,443,CH
Oithona fallax ,Oithona fallax ,415,CH
Oithona frigida ,Oithona frigida ,2985,CH
Oithona hamata ,Oithona hamata ,66,CH
Oithona hebes ,Oithona hebes ,1,CH
Oithona helgolandica ,Oithona helgolandica ,380,CH
Oithona linearis ,Oithona linearis ,3,CH
Oithona minuta ,Oithona minuta ,6,CH
Oithona nana ,Oithona nana ,964,CH
Oithona plumifera ,Oithona plumifera ,1902,CH
Oithona pseudofrigida ,Oithona pseudofrigida ,37,CH
Oithona pseudovivida ,Oithona pseudovivida ,37,CH
Oithona robusta ,Oithona robusta ,495,CH
Oithona setigera ,Oithona setigera ,1516,CH
Oithona similis ,Oithona similis ,9898,CH
Oithona similis spp. ,Oithona spp. ,4,CH
Oithona simplex ,Oithona simplex ,103,CH
Oithona sp. ,Oithona spp. ,1457,CH
Oithona spp. ,Oithona spp. ,6868,CH
Oithona tenuis ,Oithona tenuis ,280,CH
Oithona vivida ,Oithona vivida ,325,CH
Oithonidae ,Oithonidae ,41,CH
Oncaea ,Oncaea spp. ,39825,CO
Oncaea atlantica ,Oncaea atlantica ,10,CO
Oncaea bathyalis ,Oncaea bathyalis ,54,CO
Oncaea borealis ,Oncaea borealis ,74,CO
Oncaea brodskii ,Oncaea brodskii ,32,CO
Oncaea clevei ,Oncaea clevei ,43,CO
Oncaea conifera ,Oncaea conifera ,2762,CO
Oncaea curta ,Oncaea curta ,825,CO
Oncaea curvata ,Oncaea curvata ,1244,CO
Oncaea dentipes ,Oncaea dentipes ,711,CO
Oncaea infantula ,Oncaea infantula ,2,CO
Oncaea ivlevi ,Oncaea ivlevi ,43,CO
Oncaea longiseta ,Oncaea longiseta ,38,CO
Oncaea media ,Oncaea media ,1856,CO
Oncaea mediterranea ,Oncaea mediterranea ,1515,CO
Oncaea minuta ,Oncaea minuta ,1119,CO
Oncaea neobscura ,Oncaea neobscura ,24,CO
Oncaea notopus ,Oncaea notopus ,444,CO
Oncaea obscura ,Oncaea obscura ,101,CO
Oncaea ornata ,Oncaea ornata ,135,CO
Oncaea ovalis ,Oncaea ovalis ,108,CO
Oncaea parila ,Oncaea parila ,2,CO
Oncaea parobscura ,Oncaea parobscura ,1,CO
Oncaea prendeli ,Oncaea prendeli ,6,CO
Oncaea shmelevi ,Oncaea shmelevi ,146,CO
Oncaea similis ,Oncaea similis ,167,CO
Oncaea sp. ,Oncaea spp. ,1824,CO
Oncaea spp. ,Oncaea spp. ,5028,CO
Oncaea subtilis ,Oncaea subtilis ,415,CO
Oncaea tenella ,Oncaea tenella ,37,CO
Oncaea tenuimana ,Oncaea tenuimana ,28,CO
Oncaea tregoubovi ,Oncaea tregoubovi ,2,CO
Oncaea venusta ,Oncaea venusta ,1414,CO
Oncaea venusta venella ,Oncaea venusta venella ,414,CO
Oncaea zernovi ,Oncaea zernovi ,62,CO
Oncaeidae ,Oncaeidae ,7,CO
Onchocalanus magnus ,Onchocalanus magnus ,8,CH
P-cal & parac & claus & pseud & cten copepodids ,Calanoida,118,CH
Pachos punctatum ,Pachos punctatum ,43,CO
Pachos sp. ,Pachos spp. ,2,CO
Pachos spp. ,Pachos spp. ,18,CO
Paracalanidae ,Paracalanidae ,2,CH
Paracalanus ,Paracalanus spp. ,5636,CH
Paracalanus & pseudocalanus ,Paracalanus & pseudocalanus ,1447,CH
Paracalanus & pseudocalanus spp. ,Paracalanus & pseudocalanus spp. ,2180,CH
Paracalanus aculeatus ,Paracalanus aculeatus ,9563,CH
Paracalanus crassirostris ,Paracalanus crassirostris ,99,CH
Paracalanus denudatus ,Paracalanus denudatus ,1821,CH
Paracalanus indicus ,Paracalanus indicus ,79,CH
Paracalanus nanus ,Paracalanus nanus ,1134,CH
Paracalanus nudus ,Paracalanus nudus ,2548,CH
Paracalanus parvus ,Paracalanus parvus ,12428,CH
Paracalanus pygmaeus ,Paracalanus pygmaeus ,390,CH
Paracalanus sp. ,Paracalanus spp. ,534,CH
Paracalanus sp. A ,Paracalanus spp. ,90,CH
Paracalanus sp. B ,Paracalanus spp. ,57,CH
Paracalanus sp. C ,Paracalanus spp. ,46,CH
Paracalanus spp. ,Paracalanus spp. ,1422,CH
Paracalanus tropicus ,Paracalanus tropicus ,90,CH
Paradisco spp. ,Paradisco spp. ,2,CO
Paraeuchaeta antarctica ,Paraeuchaeta antarctica ,3,CC
Paraeuchaeta barbata ,Paraeuchaeta barbata ,15,CC
Paraeuchaeta biloba ,Paraeuchaeta biloba ,51,CC
Paraeuchaeta bisinuata ,Paraeuchaeta bisinuata ,1,CC
Paraeuchaeta elongata ,Paraeuchaeta elongata ,99,CC
Paraeuchaeta exigua ,Paraeuchaeta exigua ,4,CC
Paraeuchaeta flava ,Paraeuchaeta flava ,1,CC
Paraeuchaeta glacialis ,Paraeuchaeta glacialis ,265,CC
Paraeuchaeta gracilis ,Paraeuchaeta gracilis ,21,CC
Paraeuchaeta hebes ,Paraeuchaeta hebes ,527,CC
Paraeuchaeta incisa ,Paraeuchaeta incisa ,1,CC
Paraeuchaeta norvegica ,Paraeuchaeta norvegica ,678,CC
Paraeuchaeta polaris ,Paraeuchaeta polaris ,16,CC
Paraeuchaeta pubera ,Paraeuchaeta pubera ,11,CC
Paraeuchaeta spp. ,Paraeuchaeta spp. ,226,CC
Paraeuchaeta tonsa ,Paraeuchaeta tonsa ,14,CC
Paraheterorhabdus compactus ,Paraheterorhabdus compactus ,133,CC
Paraheterorhabdus robustus ,Paraheterorhabdus robustus ,14,CC
Parathalestris croni ,Parathalestris cronii,6,CO
Paraugaptilus buchani ,Paraugaptilus buchani ,5,CC
Paraugaptilus spp. ,Paraugaptilus spp. ,5,CC
Pareucalanus attenuatus ,Pareucalanus attenuatus ,8919,CH
Pareucalanus langae ,Pareucalanus langae ,1,CH
Pareucalanus sewelli ,Pareucalanus sewelli ,58,CH
Pareuchaeta antarctica ,Paraeuchaeta antarctica ,114,CC
Pareuchaeta biloba ,Paraeuchaeta biloba ,1288,CC
Pareuchaeta erebi ,Paraeuchaeta erebi ,1412,CC
Pareuchaeta japonica ,Paraeuchaeta japonica ,17,CC
Pareuchaeta rasa ,Pareuchaeta rasa ,6,CC
Paroithona parvula ,Paroithona parvula ,278,CH
Paroithona pulla ,Paroithona pulla ,145,CH
Paroithona sp. ,Paroithona spp. ,13,CH
Paroithona spp. ,Paroithona spp. ,235,CH
Parvocalanus ,Parvocalanus spp.,5416,CH
Parvocalanus elegans ,Parvocalanus elegans ,532,CH
Parvocalanus latus ,Parvocalanus latus ,2760,CH
Phaenna ,Phaenna spp. ,340,CH
Phaenna sp. ,Phaenna spp. ,2,CH
Phaenna spinifera ,Phaenna spinifera ,134,CH
Phaenna spp. ,Phaenna spp. ,30,CH
Phaennidae ,Phaennidae ,2,CH
Pleuromamma ,Pleuromamma spp. ,2671,CO
Pleuromamma abdominalis ,Pleuromamma abdominalis ,7960,CO
Pleuromamma borealis ,Pleuromamma borealis ,3175,CO
Pleuromamma gracilis ,Pleuromamma gracilis ,6353,CO
Pleuromamma indica ,Pleuromamma indica ,4015,CO
Pleuromamma piseki ,Pleuromamma piseki ,665,CO
Pleuromamma quadrungulata ,Pleuromamma quadrungulata ,175,CO
Pleuromamma robusta ,Pleuromamma robusta ,4100,CO
Pleuromamma scutullata ,Pleuromamma scutullata ,4,CO
Pleuromamma sp. ,Pleuromamma spp. ,484,CO
Pleuromamma spp. ,Pleuromamma spp. ,1522,CO
Pleuromamma xiphias ,Pleuromamma xiphias ,2019,CO
Poecilostomatoida ,Poecilostomatoida ,1,CH
Pontella ,Pontella spp. ,84,CC
Pontella mediterranea ,Pontella mediterranea ,23,CC
Pontella sp. ,Pontella spp. ,85,CC
Pontella spp. ,Pontella spp. ,44,CC
Pontellidae ,Pontellidae ,123,CC
Pontellidae sp. ,Pontellidae spp. ,62,CC
Pontellina plumata ,Pontellina plumata ,2093,CC
Pontellina sp. ,Pontellina spp. ,32,CC
Pontellina spp. ,Pontellina spp. ,14,CC
Pontellopsis ,Pontellopsis spp. ,88,CC
Pontellopsis brevis ,Pontellopsis brevis ,1,CC
Pontellopsis perspicax ,Pontellopsis perspicax ,1,CC
Pontellopsis regalis ,Pontellopsis regalis ,7,CC
Pontellopsis sp. ,Pontellopsis spp. ,1,CC
Pontellopsis spp. ,Pontellopsis spp. ,7,CC
Pontellopsis villosa ,Pontellopsis villosa ,2,CC
Pontoeciella abyssicola ,Pontoeciella abyssicola ,150,CP
Pontoeciella spp. ,Pontoeciella spp. ,13,CP
Pseudaugaptilus longiremus ,Pseudaugaptilus longiremis ,1,CC
Pseudaugaptilus polaris ,Pseudaugaptilus polaris ,8,CC
Pseudeuchaeta spp. ,Pseudeuchaeta spp. ,3,CC
Pseudhaloptilus sp. ,Pseudhaloptilus spp. ,1,CC
Pseudhaloptilus spp. ,Pseudhaloptilus spp. ,7,CC
Pseudoamallothrix ovata ,Pseudoamallothrix ovata ,123,CH
Pseudocalanus ,Pseudocalanus spp. ,181,CH
Pseudocalanus elongatus ,Pseudocalanus elongatus ,1078,CH
Pseudocalanus gracilis ,Pseudocalanus gracilis ,33,CH
Pseudocalanus minutus ,Pseudocalanus minutus ,1119,CH
Pseudocalanus minutus elongatus ,Pseudocalanus minutus elongatus ,2640,CH
Pseudocalanus sp. ,Pseudocalanus spp. ,990,CH
Pseudocalanus spp. ,Pseudocalanus spp. ,1158,CH
Pseudochirella mawsoni ,Pseudochirella mawsoni ,2,CO
Pseudochirella pustulifera ,Pseudochirella pustulifera ,1,CO
Pseudochirella sp. ,Pseudochirella spp. ,1,CO
Pseudochirella spectabilis ,Pseudochirella spectabilis ,24,CO
Pseudochirella spp. ,Pseudochirella spp. ,7,CO
Pseudodiaptomus ,Pseudodiaptomus spp. ,1272,CO
Pseudodiaptomus spp. ,Pseudodiaptomus spp. ,1,CO
Racovitzanus ,Racovitzanus spp. ,30,CH
Racovitzanus antarcticus ,Racovitzanus antarcticus ,727,CH
Racovitzanus sp. ,Racovitzanus spp. ,1,CH
Racovitzanus spp. ,Racovitzanus spp. ,14,CH
Ratania atlantica ,Ratania atlantica ,2,CP
Ratania flava ,Ratania flava ,21,CP
Ratania sp. ,Ratania spp. ,2,CP
Ratania spp. ,Ratania spp. ,1,CP
Rhincalanus ,Rhincalanus spp. ,13,CH
Rhincalanus cornutus ,Rhincalanus cornutus ,4832,CH
Rhincalanus gigas ,Rhincalanus gigas ,10188,CH
Rhincalanus nasutus ,Rhincalanus nasutus ,6859,CH
Rhincalanus rostrifrons ,Rhincalanus rostrifrons ,37,CH
Rhincalanus sp. ,Rhincalanus spp. ,138,CH
Rhincalanus spp. ,Rhincalanus spp. ,91,CH
Saphirella spp. ,Saphirella spp. ,1,CC
Saphirella tropica ,Saphirella tropica ,2,CC
Sapphirina ,Sapphirina spp. ,4580,CO
Sapphirina angusta ,Sapphirina angusta ,62,CO
Sapphirina auronitens ,Sapphirina auronitens ,6,CO
Sapphirina bicuspidata ,Sapphirina bicuspidata ,4,CO
Sapphirina darwini ,Sapphirina darwini ,10,CO
Sapphirina gastrica ,Sapphirina gastrica ,1,CO
Sapphirina gemma ,Sapphirina gemma ,17,CO
Sapphirina intestinata ,Sapphirina intestinata ,13,CO
Sapphirina iris ,Sapphirina iris ,1,CO
Sapphirina lactens ,Sapphirina lactens ,6,CO
Sapphirina maculosa ,Sapphirina maculosa ,15,CO
Sapphirina metallina ,Sapphirina metallina ,255,CO
Sapphirina nigromaculata ,Sapphirina nigromaculata ,154,CO
Sapphirina opalina ,Sapphirina opalina ,47,CO
Sapphirina ovatolanceolata ,Sapphirina ovatolanceolata ,104,CO
Sapphirina pyrosomatis ,Sapphirina pyrosomatis ,3,CO
Sapphirina scarlata ,Sapphirina scarlata ,22,CO
Sapphirina sp. ,Sapphirina spp. ,399,CO
Sapphirina spp. ,Sapphirina spp. ,788,CO
Sapphirina vorax ,Sapphirina vorax ,1,CO
Sapphirinidae ,Sapphirinidae ,1783,CO
Scaphocalanus ,Scaphocalanus spp. ,1869,CH
Scaphocalanus affinis ,Scaphocalanus affinis ,26,CH
Scaphocalanus amplius ,Scaphocalanus amplius ,3,CH
Scaphocalanus angulifrons ,Scaphocalanus angulifrons ,1,CH
Scaphocalanus brevicornis ,Scaphocalanus brevicornis ,745,CH
Scaphocalanus brevirostris ,Scaphocalanus brevirostris ,9,CH
Scaphocalanus curtus ,Scaphocalanus curtus ,117,CH
Scaphocalanus echinatus ,Scaphocalanus echinatus ,263,CH
Scaphocalanus impar ,Scaphocalanus impar ,2,CH
Scaphocalanus longifurca ,Scaphocalanus longifurca ,5,CH
Scaphocalanus magnus ,Scaphocalanus magnus ,260,CH
Scaphocalanus major ,Scaphocalanus major ,1,CH
Scaphocalanus medius ,Scaphocalanus medius ,14,CH
Scaphocalanus minutus ,Scaphocalanus minutus ,2,CH
Scaphocalanus polaris ,Scaphocalanus polaris ,23,CH
Scaphocalanus robustus ,Scaphocalanus robustus ,1,CH
Scaphocalanus sp. ,Scaphocalanus spp. ,21,CH
Scaphocalanus spp. ,Scaphocalanus spp. ,465,CH
Scaphocalanus subbrevicornis ,Scaphocalanus subbrevicornis ,235,CH
Scaphocalanus subcurtus ,Scaphocalanus subcurtus ,89,CH
Scolecithricella ,Scolecithricella spp. ,1936,CH
Scolecithricella abyssalis ,Scolecithricella abyssalis ,253,CH
Scolecithricella auropecten ,Scolecithricella auropecten ,10,CH
Scolecithricella dentata ,Scolecithricella dentata ,246,CH
Scolecithricella gracialis ,Scolecithricella gracialis ,3132,CH
Scolecithricella longipes ,Scolecithricella longipes ,1,CH
Scolecithricella marginata ,Scolecithricella marginata ,781,CH
Scolecithricella minor ,Scolecithricella minor ,1264,CH
Scolecithricella orientalis ,Scolecithricella orientalis ,43,CH
Scolecithricella paramarginata ,Scolecithricella paramarginata ,1,CH
Scolecithricella profunda ,Scolecithricella profunda ,1,CH
Scolecithricella sp. ,Scolecithricella spp. ,528,CH
Scolecithricella sp. A ,Scolecithricella spp. ,35,CH
Scolecithricella sp. B ,Scolecithricella spp. ,53,CH
Scolecithricella spp. ,Scolecithricella spp. ,687,CH
Scolecithricella tenuiserrata ,Scolecithricella tenuiserrata ,279,CH
Scolecithricella vittata ,Scolecithricella vittata ,129,CH
Scolecithrichopsis ctenopus ,Scolecithrichopsis ctenopus ,50,CH
Scolecithrix bradyi ,Scolecithrix bradyi ,1562,CH
Scolecithrix brevicornis ,Scolecithrix brevicornis ,1,CH
Scolecithrix danae ,Scolecithrix danae ,6751,CH
Scolecithrix fowleri ,Scolecithrix fowleri ,1,CH
Scolecithrix polaris ,Scolecithrix polaris ,28,CH
Scolecithrix sp. ,Scolecithrix spp. ,219,CH
Scolecithrix spp. ,Scolecithrix spp. ,160,CH
Scolecitrichidae ,Scolecitrichidae ,250,CH
Scolecitrichidae sp. ,Scolecitrichidae ,63,CH
Scolecitrichopsis ctenopus ,Scolecitrichopsis ctenopus ,489,CH
Scottocalanus ,Scottocalanus spp. ,796,CH
Scottocalanus australis ,Scottocalanus australis ,2,CH
Scottocalanus helenae ,Scottocalanus helenae ,2,CH
Scottocalanus persecans ,Scottocalanus persecans ,39,CH
Scottocalanus securifrons ,Scottocalanus securifrons ,160,CH
Scottocalanus spp. ,Scottocalanus spp. ,42,CH
Siphonostomatoida ,Siphonostomatoida ,17,CP
Spinocalanidae ,Spinocalanidae ,6,CH
Spinocalanus ,Spinocalanus spp. ,241,CH
Spinocalanus abyssalis ,Spinocalanus abyssalis ,382,CH
Spinocalanus brevicaudatus ,Spinocalanus brevicaudatus ,3,CH
Spinocalanus caudatus ,Spinocalanus caudatus ,6,CH
Spinocalanus elongatus ,Spinocalanus elongatus ,52,CH
Spinocalanus longicornis ,Spinocalanus longicornis ,191,CH
Spinocalanus longispinus ,Spinocalanus longispinus ,31,CH
Spinocalanus magnus ,Spinocalanus magnus ,166,CH
Spinocalanus oligospinosus ,Spinocalanus oligospinosus ,1,CH
Spinocalanus parabyssalis ,Spinocalanus parabyssalis ,52,CH
Spinocalanus polaris ,Spinocalanus polaris ,25,CH
Spinocalanus sp. ,Spinocalanus spp. ,8,CH
Spinocalanus spinosus ,Spinocalanus spinosus ,6,CH
Spinocalanus spp. ,Spinocalanus spp. ,314,CH
Spinocalanus terranovae ,Spinocalanus terranovae ,1,CH
Stephos longipes ,Stephos longipes ,34,CH
Stephos spp. ,Stephos spp. ,13,CH
Subeucalanus crassus ,Subeucalanus crassus ,10,CH
Subeucalanus monachus ,Subeucalanus monachus ,448,CH
Subeucalanus pileatus ,Subeucalanus pileatus ,869,CH
Subeucalanus subcrassus ,Subeucalanus subcrassus ,367,CH
Temora discaudata ,Temora discaudata ,3017,CH
Temora longicornis ,Temora longicornis ,4435,CH
Temora sp. ,Temora spp. ,238,CH
Temora spp. ,Temora spp. ,184,CH
Temora stylifera ,Temora stylifera ,3719,CH
Temora turbinata ,Temora turbinata ,1227,CH
Temorites brevis ,Temorites brevis ,127,CH
Temorites spp. ,Temorites spp. ,2,CH
Temoropia mayumbaensis ,Temoropia mayumbaensis ,2055,CO
Temoropia spp. ,Temoropia spp. ,52,CO
Tharybidae ,Tharybidae ,6,CH
Tisbe furcata ,Tisbe furcata ,22,CP
Tortanus discaudatus ,Tortanus discaudatus ,39,CC
Undeuchaeta ,Undeuchaeta spp. ,128,CC
Undeuchaeta incisa ,Undeuchaeta incisa ,4,CC
Undeuchaeta magna ,Undeuchaeta magna ,3,CC
Undeuchaeta major ,Undeuchaeta major ,171,CC
Undeuchaeta minor ,Undeuchaeta minor ,1,CC
Undeuchaeta plumosa ,Undeuchaeta plumosa ,425,CC
Undeuchaeta sp. ,Undeuchaeta spp. ,3,CC
Undeuchaeta spp. ,Undeuchaeta spp. ,228,CC
Undinella oblonga ,Undinella oblonga ,13,CH
Undinella simplex ,Undinella simplex ,1,CH
Undinella spp. ,Undinella spp. ,3,CH
Undinula vulgaris ,Undinula vulgaris ,7318,CH
Urocorycaeus spp. ,Urocorycaeus spp. ,1,CC
Vettoria granulosa ,Vettoria granulosa ,238,CO
Vettoria parva ,Vettoria parva ,126,CO
Vettoria sp. ,Vettoria spp. ,12,CO
Vettoria spp. ,Vettoria spp. ,41,CO
Xanthocalanus agilis ,Xanthocalanus agilis ,2,CH
Xanthocalanus magnus ,Xanthocalanus magnus ,1,CH
Xanthocalanus polaris ,Xanthocalanus polaris ,3,CH
Xanthocalanus propinquus ,Xanthocalanus propinquus ,5,CH
Xanthocalanus spp. ,Xanthocalanus spp. ,9,CH
Ominvore.Cope,Ominvore.Cope,631,CO
Carnivore.Cope,Carnivore.Cope,631,CC